No.,観点1,観点2,観点3,観点4,前提条件,試験手順,期待結果,実施日,試験者,結果
1,1つ目の数値入力,数値,整数,,アプリを起動し、「 1つ目の数値を入力してください。」が表示されている状態である,1. 10を入力してEnterを押下する,「演算子を入力してください。」が表示される,,,
2,,,少数,,同上,1. 3.2を入力してEnterを押下する,同上,,,
3,,,半角,,同上,1.5を入力してEnterを押下する,同上,,,
4,,,全角,,同上,1.５を入力してEnterを押下する,同上,,,
5,,文字,半角英字,,同上,1. aを入力してEnterを押下する,"「エラー：不正な値が入力されました」
「1つ目の数値を入力してください。」
が表示される",,,
6,,,全角英字,,同上,1. Ａを入力してEnterを押下する,同上,,,
7,,,日本語,,同上,1. あを入力してEnterを押下する,同上,,,
8,,文字数,13桁以上の文字数,,同上,1.13桁以上を入力してEnterを押下する,「エラー：数が大きすぎます！」が表示される,,,
9,,特殊文字,Enter,,同上,1. Enterを押下する,同上,,,
10,,,Esc,,同上,1. Escを押下する,同上,,,
11,,,スペース,,同上,1.スペースを入力してEnterを押下する,同上,,,
12,演算子の入力,演算子,演算子,,「演算子を入力してください」が表示されている状態である,"（+, -, *, /）を入力してEnterを押下する",「2つ目の数値を入力してください。」が表示される,,,
13,,数値,整数,,同上,1. 10を入力してEnterを押下する,"「エラー：不明な演算子です。」
「2つ目の数値を入力してください。」
が表示される",,,
14,,,少数,,同上,1. 3.2を入力してEnterを押下する,同上,,,
15,,,半角,,同上,1.5を入力してEnterを押下する,同上,,,
16,,,全角,,同上,1.５を入力してEnterを押下する,同上,,,
17,,文字,半角英字,,同上,1. aを入力してEnterを押下する,同上,,,
18,,,全角英字,,同上,1. Ａを入力してEnterを押下する,同上,,,
19,,,日本語,,同上,1. あを入力してEnterを押下する,同上,,,
20,,特殊文字,Enter,,同上,1. Enterを押下する,同上,,,
21,,,Esc,,同上,1. Escを押下する,同上,,,
22,,,スペース,,同上,1.スペースを入力してEnterを押下する,同上,,,
23,2つ目の数値入力,数値,整数,,「 2つ目の数値を入力してください。」が表示されている状態である,1. 10を入力してEnterを押下する,計算結果が表示される,,,
24,,,少数,,同上,1. 3.2を入力してEnterを押下する,同上,,,
25,,,半角,,同上,1.5を入力してEnterを押下する,同上,,,
26,,,全角,,同上,1.５を入力してEnterを押下する,同上,,,
27,,文字,半角英字,,同上,1. aを入力してEnterを押下する,"「エラー：不正な値が入力されました」
「2つ目の数値を入力してください。」
が表示される",,,
28,,,全角英字,,同上,1. Ａを入力してEnterを押下する,同上,,,
29,,,日本語,,同上,1. あを入力してEnterを押下する,同上,,,
30,,文字数,13桁以上の文字数,,同上,1.13桁以上を入力してEnterを押下する,「エラー：数が大きすぎます！」が表示される,,,
31,,特殊文字,Enter,,同上,1. Enterを押下する,同上,,,
32,,,Esc,,同上,1. Escを押下する,同上,,,
33,,,スペース,,同上,1.スペースを入力してEnterを押下する,同上,,,
34,計算結果,通常の計算,通常の計算,,同上,1.1を押下→+を押下→1を押下,「計算結果：2」が表示される,,,
35,,数値・演算子,余りのある割り算,,同上,1.7を押下→/を押下→3を押下,「計算結果：2余り1」が表示される,,,
36,,文字数,計算結果が13桁以上,,同上,"1.1,000,000を押下→*を押下→1,000,000を押下",「エラー：数が大きすぎます！」が表示される,,,
37,,,,,,,,,,
38,,,,,,,,,,
39,,,,,,,,,,
40,,,,,,,,,,
41,,,,,,,,,,
42,,,,,,,,,,
43,,,,,,,,,,
44,,,,,,,,,,