No.,観点1,観点2,観点3,観点4,前提条件,試験手順,期待結果,実施日,試験者,結果
1,1つ目の数値入力,数値,整数,,アプリを起動し、「 1つ目の数値を入力してください。」が表示されている状態である,1. 10を入力してEnterを押下する,「2つ目の数値を入力してください。」が表示される,,,
2,,,少数,,同上,1. 3.2を入力してEnterを押下する,同上,,,
3,,,半角,,同上,1.5を入力してEnterを押下する,同上,,,
4,,,全角,,同上,1.５を入力してEnterを押下する,同上,,,
5,,文字,半角英字,,同上,1. aを入力してEnterを押下する,"「エラー：不正な値が入力されました」
「1つ目の数値を入力してください。」
が表示される",,,
6,,,全角英字,,同上,1. Aを入力してEnterを押下する,同上,,,
7,,,日本語,,同上,1. あを入力してEnterを押下する,同上,,,
8,,特殊文字,Enter,,同上,1. Enterを押下する,同上,,,
9,,,Esc,,同上,1. Escを押下する,同上,,,
10,,,スペース,,同上,1. スペースを入力してEnterを押下する,同上,,,
11,演算子の入力,正常,+,,"「演算記号（+, -, *, /）を入力してください。」が表示されている状態である",1. +を入力してEnterを押下する,,,,
12,,正常,-,,同上,1. -を入力してEnterを押下する,,,,
13,,正常,*,,同上,1. *を入力してEnterを押下する,,,,
14,,正常,/,,同上,1. /を入力してEnterを押下する,,,,
15,,文字,半角英字,,同上,,"「エラー：不正な値が入力されました」
「2つ目の数値を入力してください。」
が表示される",,,
16,,,全角英字,,同上,,同上,,,
17,,,日本語,,同上,,同上,,,
18,,特殊文字,Enter,,同上,,同上,,,
19,,,Esc,,同上,1. aを入力してEnterを押下する,同上,,,
20,,,スペース,,同上,1. Aを入力してEnterを押下する,同上,,,
21,,,,,同上,1. あを入力してEnterを押下する,,,,
22,,,,,同上,1. Enterを押下する,,,,
23,,,,,同上,1. Escを押下する,,,,
24,,,,,同上,1. スペースを入力してEnterを押下する,,,,
25,,,,,,,,,,
26,,,,,,,,,,
27,,,,,,,,,,
28,,,,,,,,,,